task_uuid,visibility,boolean_complexity,optimal_features,optimal_score
W00075b4dff,full,2,9,8
W0181290bcf,full,1,9,9
W028af4f79b,full,2,9,6
W07cc2a2631,partial,1,8,6
W081f3e4c7b,partial,2,8,6
W0969adec0a,partial,2,10,10
W0a04ae3302,partial,2,10,10
W0e36fdb5f4,full,2,10,10
W0fb324060f,partial,2,10,10
W100bae025b,full,1,10,10
W1145f18cfd,partial,1,10,10
W160c6aaa29,full,2,10,9
W16de0b166e,partial,1,10,10
W1726e8df7f,full,2,3,1
W1978c0ff99,full,2,10,9
W1e6c99ceb2,partial,2,10,10
W1e903ca6ef,partial,2,6,5
W1f364af81d,full,1,9,9
W2296cf3011,full,1,10,10
W23f31f47f2,full,1,10,10
W2444b3c2cc,partial,2,10,10
W26ff7394d3,full,1,9,6
W285df66f0e,full,1,10,10
W28e7107468,full,1,9,9
W2b0de21087,full,1,10,8
W2dd402fd08,partial,1,8,7
W2eac1fcedd,full,2,9,9
W3516bab501,partial,2,9,9
W3529de1558,partial,1,10,10
W366d6bf862,partial,2,8,6
W367e79f4a6,full,1,10,10
W36f77ccadb,full,1,9,9
W3a546ef07b,partial,1,9,7
W3af0b4cf49,full,2,10,10
W3d00b70a83,full,2,10,10
W3f0d3ae9f4,full,1,4,0
W3f1576769b,partial,1,4,4
W40cadcac55,partial,2,10,10
W42e880b14a,full,2,9,8
W44a787c265,partial,1,10,8
W470af8290e,full,1,5,1
W47a15cb460,full,2,6,5
W4872961a3c,full,1,10,10
W4b0f05ff1c,partial,2,10,10
W4c2ac66512,partial,2,4,4
W4f1ba438df,full,1,0,0
W5694e6b7a5,full,2,6,6
W59c89dd569,partial,2,9,7
W5a3d505fa4,partial,1,7,6
W5e06ed8b19,full,2,9,8
W60a4c7c2bf,full,2,8,7
W61e22123ed,full,1,10,10
W628d2ff4ae,full,1,8,8
W6622405702,full,2,9,9
W6760e916e2,full,1,9,9
W67edc751b9,partial,2,10,10
W69611dd29b,full,1,10,10
W696747c74c,full,2,5,0
W6985983be0,full,1,10,10
W6c66d7a816,full,1,7,5
W6d23565760,full,1,4,1
W6e75f34122,partial,1,10,10
W6e9f23ee36,full,1,6,6
W72b3401f95,partial,2,10,9
W72b5ecf170,partial,2,2,1
W73952c4e45,partial,2,1,0
W74bb907cbf,full,2,10,10
W7785d904dd,partial,1,10,10
W785f35183b,partial,2,9,9
W78699110e3,partial,1,8,7
W788d966083,partial,2,10,10
W7984652e77,partial,2,8,8
W79ef36e6f4,full,1,10,10
W7aba617231,full,1,6,3
W7f48420864,full,2,8,7
W811a4426b6,partial,2,9,7
W82c3412ebd,partial,2,10,10
W88123fa14a,full,2,10,10
W8b2ff28369,partial,2,10,10
W8bb532982f,full,1,10,9
W8c60f7b64e,full,1,9,9
W8d4c89db00,full,1,9,6
W8dc43f38f5,partial,1,8,6
W90e7bac7a5,partial,1,8,8
W913d701fff,partial,1,9,9
W91943bfad9,full,2,10,9
W925a1fce18,partial,2,9,9
W926f966f01,full,1,10,10
W9327a18792,partial,1,9,8
W93e39c0dff,full,2,10,10
W952fe93d76,partial,2,5,1
W96e45d4b98,full,2,6,1
W9c9dd82a71,full,2,9,9
W9de8858450,partial,2,6,6
Wa05601dd53,partial,1,9,8
Wa07a0d4435,partial,1,10,10
Wa4f72c347b,partial,2,9,9
Wa6a53fb95b,partial,2,10,10
Wa8ad2cdb2e,partial,1,10,10
Wac798911b5,partial,1,10,9
Waf02ac62bc,full,2,3,1
Wb24fe239b7,partial,2,9,9
Wb68b688f50,partial,1,7,2
Wb9634ad21f,full,2,8,8
Wb9a876681e,partial,2,7,6
Wb9c2c4bafb,full,1,9,7
Wc608492bec,full,1,10,10
Wc854d91c6c,full,2,10,10
Wc858978920,partial,1,10,10
Wc9008cdd0a,full,1,7,6
Wc939542419,partial,1,9,8
Wcb6078c63e,partial,1,10,10
Wcbfa391a46,partial,2,9,9
Wcd6a087f67,partial,1,10,10
Wcdc8161647,full,2,4,3
Wcf49e4b99b,partial,1,10,10
Wcffba6f7e8,full,2,8,7
Wd3f7330852,partial,2,10,10
Wd845299c99,full,1,8,5
Wd865617af0,partial,1,10,10
Wda1c88b4e7,partial,2,8,8
Wdc27d02f24,partial,2,7,6
Wdc9c5dd41d,full,2,9,9
Wdd4e20a33a,partial,1,10,10
Wde192007cd,partial,1,10,10
We17c5ef1a0,full,1,8,6
We285cc542e,full,2,9,7
We2a6d20809,full,1,5,2
We4a2d51342,partial,1,10,10
We4c00e4460,partial,2,9,9
We6278e5104,partial,1,10,10
We8c4a408e2,full,2,10,10
Wea26b80b5e,full,1,10,10
Wed68fa4766,partial,1,10,10
Weeaff28e11,full,1,10,10
Weed942b4d5,full,2,3,0
Wf047816032,full,2,7,2
Wf14eea8d6c,partial,1,10,10
Wf267f9c333,full,1,10,10
Wf4c8fd5831,partial,2,2,0
Wfb7461d6f8,full,1,5,2
Wfd3b3a2109,partial,2,8,6
Wfecb48fcef,partial,1,6,3
