,group,difficulty,concept_number
1959,lang|full|teacher,2.0,1
989,lang|full|teacher,2.0,2
979,lang|full|teacher,0.0,1
1909,lang|full|teacher,1.0,2
909,lang|full|teacher,3.0,2
879,lang|full|teacher,5.0,2
1949,lang|full|teacher,2.0,1
799,lang|full|teacher,1.0,1
1969,lang|full|teacher,0.0,1
749,lang|full|teacher,1.0,1
1039,lang|full|teacher,0.0,1
2619,lang|full|teacher,0.0,1
699,lang|full|teacher,0.0,2
2639,lang|full|teacher,1.0,1
2659,lang|full|teacher,1.0,2
1999,lang|full|teacher,3.0,2
639,lang|full|teacher,3.0,1
2029,lang|full|teacher,1.0,1
579,lang|full|teacher,0.0,1
2039,lang|full|teacher,0.0,1
549,lang|full|teacher,1.0,1
2629,lang|full|teacher,1.0,1
2299,lang|full|teacher,2.0,2
1109,lang|full|teacher,2.0,2
2249,lang|full|teacher,3.0,2
1639,lang|full|teacher,0.0,1
1599,lang|full|teacher,3.0,2
2349,lang|full|teacher,4.0,2
1549,lang|full|teacher,1.0,2
1539,lang|full|teacher,1.0,1
2399,lang|full|teacher,1.0,2
1509,lang|full|teacher,0.0,1
1689,lang|full|teacher,0.0,2
1469,lang|full|teacher,2.0,2
1409,lang|full|teacher,0.0,1
1389,lang|full|teacher,3.0,2
1749,lang|full|teacher,0.0,2
1329,lang|full|teacher,1.0,2
1319,lang|full|teacher,0.0,2
2449,lang|full|teacher,0.0,1
1279,lang|full|teacher,1.0,2
2319,lang|full|teacher,1.0,1
1229,lang|full|teacher,2.0,1
1209,lang|full|teacher,1.0,1
1179,lang|full|teacher,0.0,2
2489,lang|full|teacher,2.0,2
539,lang|full|teacher,3.0,1
2699,lang|full|teacher,2.0,1
2359,lang|full|teacher,0.0,1
2719,lang|full|teacher,4.0,2
139,lang|full|teacher,2.0,2
169,lang|full|teacher,1.0,2
179,lang|full|teacher,1.0,2
2759,lang|full|teacher,2.0,1
109,lang|full|teacher,3.0,2
359,lang|full|teacher,4.0,1
189,lang|full|teacher,1.0,1
209,lang|full|teacher,2.0,2
2099,lang|full|teacher,0.0,2
319,lang|full|teacher,1.0,1
2169,lang|full|teacher,0.0,2
409,lang|full|teacher,2.0,2
2269,lang|full|teacher,1.0,1
159,lang|full|teacher,2.0,2
2799,lang|full|teacher,0.0,2
2209,lang|full|teacher,1.0,1
2809,lang|full|teacher,2.0,1
2179,lang|full|teacher,5.0,1
429,lang|full|teacher,3.0,2
2739,lang|full|teacher,1.0,2
29,lang|full|teacher,0.0,1
469,lang|full|teacher,1.0,2
2819,lang|full|teacher,1.0,2
1099,lang|partial|teacher,1.0,1
1259,lang|partial|teacher,2.0,1
1249,lang|partial|teacher,5.0,1
2199,lang|partial|teacher,4.0,2
219,lang|partial|teacher,0.0,1
2499,lang|partial|teacher,5.0,2
199,lang|partial|teacher,1.0,2
1809,lang|partial|teacher,3.0,2
1169,lang|partial|teacher,4.0,2
2469,lang|partial|teacher,4.0,1
1159,lang|partial|teacher,1.0,1
1379,lang|partial|teacher,5.0,2
149,lang|partial|teacher,1.0,1
19,lang|partial|teacher,1.0,1
1649,lang|partial|teacher,4.0,1
1669,lang|partial|teacher,2.0,1
1679,lang|partial|teacher,1.0,1
59,lang|partial|teacher,4.0,1
1519,lang|partial|teacher,2.0,1
1499,lang|partial|teacher,0.0,1
89,lang|partial|teacher,4.0,2
1309,lang|partial|teacher,1.0,1
1479,lang|partial|teacher,5.0,2
1449,lang|partial|teacher,5.0,2
1709,lang|partial|teacher,3.0,1
1429,lang|partial|teacher,4.0,2
1729,lang|partial|teacher,4.0,2
119,lang|partial|teacher,5.0,1
1089,lang|partial|teacher,4.0,2
1369,lang|partial|teacher,2.0,1
1739,lang|partial|teacher,5.0,1
99,lang|partial|teacher,3.0,2
1839,lang|partial|teacher,3.0,2
2529,lang|partial|teacher,5.0,2
2709,lang|partial|teacher,4.0,1
869,lang|partial|teacher,2.0,1
1939,lang|partial|teacher,4.0,1
849,lang|partial|teacher,0.0,2
2599,lang|partial|teacher,4.0,2
1619,lang|partial|teacher,5.0,2
2649,lang|partial|teacher,0.0,1
629,lang|partial|teacher,4.0,2
809,lang|partial|teacher,5.0,2
779,lang|partial|teacher,3.0,1
2609,lang|partial|teacher,0.0,1
759,lang|partial|teacher,2.0,2
349,lang|partial|teacher,0.0,1
679,lang|partial|teacher,5.0,2
2119,lang|partial|teacher,5.0,2
2289,lang|partial|teacher,5.0,2
1979,lang|partial|teacher,2.0,1
2009,lang|partial|teacher,2.0,2
2149,lang|partial|teacher,0.0,1
2689,lang|partial|teacher,3.0,2
1869,lang|partial|teacher,0.0,2
519,lang|partial|teacher,4.0,2
529,lang|partial|teacher,5.0,2
2549,lang|partial|teacher,3.0,2
269,lang|partial|teacher,4.0,2
2059,lang|partial|teacher,3.0,1
2579,lang|partial|teacher,5.0,2
2109,lang|partial|teacher,5.0,1
2559,lang|partial|teacher,3.0,1
1919,lang|partial|teacher,2.0,1
2019,lang|partial|teacher,2.0,2
929,lang|partial|teacher,5.0,2
2669,lang|partial|teacher,2.0,2
919,lang|partial|teacher,1.0,1
2049,demo|full|teacher,3.0,1
2079,demo|full|teacher,1.0,1
2089,demo|full|teacher,3.0,2
2069,demo|full|teacher,2.0,2
2219,demo|full|teacher,0.0,1
1989,demo|full|teacher,2.0,2
1859,demo|full|teacher,1.0,2
1879,demo|full|teacher,1.0,1
1889,demo|full|teacher,0.0,2
1829,demo|full|teacher,2.0,2
1899,demo|full|teacher,0.0,1
2159,demo|full|teacher,3.0,2
2339,demo|full|teacher,0.0,2
1799,demo|full|teacher,0.0,1
1929,demo|full|teacher,3.0,2
2139,demo|full|teacher,2.0,2
1769,demo|full|teacher,5.0,2
1759,demo|full|teacher,3.0,2
2189,demo|full|teacher,0.0,1
2329,demo|full|teacher,1.0,1
1789,demo|full|teacher,2.0,1
2839,demo|full|teacher,1.0,2
1129,demo|full|teacher,2.0,2
1589,demo|full|teacher,1.0,1
789,demo|full|teacher,3.0,2
719,demo|full|teacher,4.0,1
709,demo|full|teacher,2.0,2
649,demo|full|teacher,2.0,2
619,demo|full|teacher,0.0,1
2679,demo|full|teacher,1.0,1
589,demo|full|teacher,3.0,2
569,demo|full|teacher,3.0,1
559,demo|full|teacher,0.0,2
459,demo|full|teacher,3.0,2
2729,demo|full|teacher,1.0,1
419,demo|full|teacher,3.0,1
2749,demo|full|teacher,3.0,2
389,demo|full|teacher,2.0,1
379,demo|full|teacher,1.0,1
369,demo|full|teacher,2.0,1
329,demo|full|teacher,2.0,2
299,demo|full|teacher,1.0,1
279,demo|full|teacher,3.0,1
259,demo|full|teacher,3.0,1
249,demo|full|teacher,1.0,1
2789,demo|full|teacher,2.0,2
229,demo|full|teacher,1.0,1
129,demo|full|teacher,4.0,1
79,demo|full|teacher,3.0,2
819,demo|full|teacher,2.0,1
889,demo|full|teacher,2.0,1
829,demo|full|teacher,2.0,1
2259,demo|full|teacher,0.0,1
1459,demo|full|teacher,0.0,2
2429,demo|full|teacher,0.0,1
1349,demo|full|teacher,4.0,2
2439,demo|full|teacher,0.0,1
2569,demo|full|teacher,0.0,1
1269,demo|full|teacher,2.0,1
1219,demo|full|teacher,2.0,1
1199,demo|full|teacher,0.0,1
2479,demo|full|teacher,1.0,1
2409,demo|full|teacher,0.0,2
1489,demo|full|teacher,0.0,2
1559,demo|full|teacher,2.0,1
1049,demo|full|teacher,3.0,2
1029,demo|full|teacher,3.0,2
1009,demo|full|teacher,1.0,1
969,demo|full|teacher,2.0,2
959,demo|full|teacher,4.0,2
1149,demo|full|teacher,1.0,1
2829,demo|full|teacher,2.0,2
2389,demo|partial|teacher,3.0,2
2279,demo|partial|teacher,2.0,2
2379,demo|partial|teacher,1.0,2
2589,demo|partial|teacher,3.0,2
2419,demo|partial|teacher,0.0,1
2769,demo|partial|teacher,0.0,2
2309,demo|partial|teacher,0.0,2
2509,demo|partial|teacher,2.0,1
2519,demo|partial|teacher,0.0,2
2539,demo|partial|teacher,4.0,2
2369,demo|partial|teacher,3.0,1
2779,demo|partial|teacher,4.0,2
2459,demo|partial|teacher,2.0,1
9,demo|partial|teacher,0.0,1
2229,demo|partial|teacher,2.0,2
899,demo|partial|teacher,2.0,2
859,demo|partial|teacher,1.0,2
839,demo|partial|teacher,1.0,1
769,demo|partial|teacher,2.0,2
739,demo|partial|teacher,2.0,2
729,demo|partial|teacher,0.0,1
689,demo|partial|teacher,0.0,1
669,demo|partial|teacher,1.0,2
659,demo|partial|teacher,3.0,2
609,demo|partial|teacher,0.0,2
599,demo|partial|teacher,1.0,1
509,demo|partial|teacher,2.0,2
499,demo|partial|teacher,4.0,2
489,demo|partial|teacher,1.0,2
479,demo|partial|teacher,0.0,1
449,demo|partial|teacher,3.0,1
439,demo|partial|teacher,2.0,1
399,demo|partial|teacher,3.0,2
339,demo|partial|teacher,2.0,2
309,demo|partial|teacher,2.0,2
289,demo|partial|teacher,0.0,1
239,demo|partial|teacher,0.0,1
69,demo|partial|teacher,0.0,1
49,demo|partial|teacher,1.0,2
39,demo|partial|teacher,0.0,2
939,demo|partial|teacher,0.0,1
2239,demo|partial|teacher,1.0,2
949,demo|partial|teacher,1.0,2
1019,demo|partial|teacher,1.0,2
2129,demo|partial|teacher,1.0,1
1849,demo|partial|teacher,1.0,1
1819,demo|partial|teacher,2.0,1
1779,demo|partial|teacher,0.0,1
1719,demo|partial|teacher,4.0,1
1699,demo|partial|teacher,1.0,1
1659,demo|partial|teacher,1.0,1
1629,demo|partial|teacher,2.0,1
1609,demo|partial|teacher,1.0,1
1579,demo|partial|teacher,1.0,1
1569,demo|partial|teacher,3.0,2
1529,demo|partial|teacher,2.0,1
1439,demo|partial|teacher,0.0,1
1399,demo|partial|teacher,0.0,2
1359,demo|partial|teacher,2.0,2
1339,demo|partial|teacher,2.0,1
1299,demo|partial|teacher,1.0,1
1289,demo|partial|teacher,3.0,2
1239,demo|partial|teacher,0.0,1
1189,demo|partial|teacher,0.0,2
1139,demo|partial|teacher,1.0,2
1119,demo|partial|teacher,1.0,1
1079,demo|partial|teacher,0.0,1
1069,demo|partial|teacher,2.0,2
1059,demo|partial|teacher,0.0,2
999,demo|partial|teacher,1.0,1
1419,demo|partial|teacher,4.0,2
1959,lang|full|learner,2.0,1
989,lang|full|learner,1.0,2
979,lang|full|learner,1.0,1
1909,lang|full|learner,0.0,2
909,lang|full|learner,2.0,2
879,lang|full|learner,1.0,2
1949,lang|full|learner,0.0,1
799,lang|full|learner,3.0,1
1969,lang|full|learner,1.0,1
749,lang|full|learner,1.0,1
1039,lang|full|learner,1.0,1
2619,lang|full|learner,3.0,1
699,lang|full|learner,0.0,2
2639,lang|full|learner,0.0,1
2659,lang|full|learner,5.0,2
1999,lang|full|learner,1.0,2
639,lang|full|learner,4.0,1
2029,lang|full|learner,0.0,1
579,lang|full|learner,0.0,1
2039,lang|full|learner,0.0,1
549,lang|full|learner,2.0,1
2629,lang|full|learner,2.0,1
2299,lang|full|learner,3.0,2
1109,lang|full|learner,2.0,2
2249,lang|full|learner,1.0,2
1639,lang|full|learner,0.0,1
1599,lang|full|learner,4.0,2
2349,lang|full|learner,1.0,2
1549,lang|full|learner,4.0,2
1539,lang|full|learner,2.0,1
2399,lang|full|learner,4.0,2
1509,lang|full|learner,2.0,1
1689,lang|full|learner,0.0,2
1469,lang|full|learner,3.0,2
1409,lang|full|learner,0.0,1
1389,lang|full|learner,3.0,2
1749,lang|full|learner,1.0,2
1329,lang|full|learner,0.0,2
1319,lang|full|learner,2.0,2
2449,lang|full|learner,0.0,1
1279,lang|full|learner,2.0,2
2319,lang|full|learner,0.0,1
1229,lang|full|learner,1.0,1
1209,lang|full|learner,2.0,1
1179,lang|full|learner,1.0,2
2489,lang|full|learner,0.0,2
539,lang|full|learner,3.0,1
2699,lang|full|learner,1.0,1
2359,lang|full|learner,3.0,1
2719,lang|full|learner,2.0,2
139,lang|full|learner,5.0,2
169,lang|full|learner,0.0,2
179,lang|full|learner,0.0,2
2759,lang|full|learner,0.0,1
109,lang|full|learner,3.0,2
359,lang|full|learner,5.0,1
189,lang|full|learner,2.0,1
209,lang|full|learner,1.0,2
2099,lang|full|learner,0.0,2
319,lang|full|learner,1.0,1
2169,lang|full|learner,1.0,2
409,lang|full|learner,3.0,2
2269,lang|full|learner,2.0,1
159,lang|full|learner,1.0,2
2799,lang|full|learner,1.0,2
2209,lang|full|learner,1.0,1
2809,lang|full|learner,2.0,1
2179,lang|full|learner,2.0,1
429,lang|full|learner,3.0,2
2739,lang|full|learner,4.0,2
29,lang|full|learner,0.0,1
469,lang|full|learner,1.0,2
2819,lang|full|learner,5.0,2
1099,lang|partial|learner,2.0,1
1259,lang|partial|learner,2.0,1
1249,lang|partial|learner,4.0,1
2199,lang|partial|learner,4.0,2
219,lang|partial|learner,0.0,1
2499,lang|partial|learner,4.0,2
199,lang|partial|learner,2.0,2
1809,lang|partial|learner,5.0,2
1169,lang|partial|learner,3.0,2
2469,lang|partial|learner,3.0,1
1159,lang|partial|learner,3.0,1
1379,lang|partial|learner,5.0,2
149,lang|partial|learner,1.0,1
19,lang|partial|learner,1.0,1
1649,lang|partial|learner,3.0,1
1669,lang|partial|learner,4.0,1
1679,lang|partial|learner,0.0,1
59,lang|partial|learner,5.0,1
1519,lang|partial|learner,0.0,1
1499,lang|partial|learner,1.0,1
89,lang|partial|learner,3.0,2
1309,lang|partial|learner,3.0,1
1479,lang|partial|learner,4.0,2
1449,lang|partial|learner,2.0,2
1709,lang|partial|learner,2.0,1
1429,lang|partial|learner,2.0,2
1729,lang|partial|learner,4.0,2
119,lang|partial|learner,4.0,1
1089,lang|partial|learner,3.0,2
1369,lang|partial|learner,4.0,1
1739,lang|partial|learner,2.0,1
99,lang|partial|learner,3.0,2
1839,lang|partial|learner,5.0,2
2529,lang|partial|learner,5.0,2
2709,lang|partial|learner,5.0,1
869,lang|partial|learner,4.0,1
1939,lang|partial|learner,1.0,1
849,lang|partial|learner,2.0,2
2599,lang|partial|learner,1.0,2
1619,lang|partial|learner,4.0,2
2649,lang|partial|learner,1.0,1
629,lang|partial|learner,4.0,2
809,lang|partial|learner,5.0,2
779,lang|partial|learner,3.0,1
2609,lang|partial|learner,3.0,1
759,lang|partial|learner,3.0,2
349,lang|partial|learner,1.0,1
679,lang|partial|learner,5.0,2
2119,lang|partial|learner,5.0,2
2289,lang|partial|learner,4.0,2
1979,lang|partial|learner,3.0,1
2009,lang|partial|learner,3.0,2
2149,lang|partial|learner,1.0,1
2689,lang|partial|learner,3.0,2
1869,lang|partial|learner,3.0,2
519,lang|partial|learner,2.0,2
529,lang|partial|learner,4.0,2
2549,lang|partial|learner,4.0,2
269,lang|partial|learner,3.0,2
2059,lang|partial|learner,1.0,1
2579,lang|partial|learner,5.0,2
2109,lang|partial|learner,5.0,1
2559,lang|partial|learner,3.0,1
1919,lang|partial|learner,4.0,1
2019,lang|partial|learner,2.0,2
929,lang|partial|learner,5.0,2
2669,lang|partial|learner,4.0,2
919,lang|partial|learner,2.0,1
2049,demo|full|learner,1.0,1
2079,demo|full|learner,1.0,1
2089,demo|full|learner,5.0,2
2069,demo|full|learner,0.0,2
2219,demo|full|learner,2.0,1
1989,demo|full|learner,5.0,2
1859,demo|full|learner,4.0,2
1879,demo|full|learner,1.0,1
1889,demo|full|learner,4.0,2
1829,demo|full|learner,4.0,2
1899,demo|full|learner,1.0,1
2159,demo|full|learner,5.0,2
2339,demo|full|learner,3.0,2
1799,demo|full|learner,3.0,1
1929,demo|full|learner,4.0,2
2139,demo|full|learner,3.0,2
1769,demo|full|learner,3.0,2
1759,demo|full|learner,3.0,2
2189,demo|full|learner,1.0,1
2329,demo|full|learner,2.0,1
1789,demo|full|learner,2.0,1
2839,demo|full|learner,4.0,2
1129,demo|full|learner,4.0,2
1589,demo|full|learner,2.0,1
789,demo|full|learner,4.0,2
719,demo|full|learner,1.0,1
709,demo|full|learner,4.0,2
649,demo|full|learner,4.0,2
619,demo|full|learner,1.0,1
2679,demo|full|learner,2.0,1
589,demo|full|learner,5.0,2
569,demo|full|learner,5.0,1
559,demo|full|learner,4.0,2
459,demo|full|learner,4.0,2
2729,demo|full|learner,2.0,1
419,demo|full|learner,1.0,1
2749,demo|full|learner,3.0,2
389,demo|full|learner,3.0,1
379,demo|full|learner,1.0,1
369,demo|full|learner,1.0,1
329,demo|full|learner,4.0,2
299,demo|full|learner,3.0,1
279,demo|full|learner,3.0,1
259,demo|full|learner,3.0,1
249,demo|full|learner,2.0,1
2789,demo|full|learner,4.0,2
229,demo|full|learner,0.0,1
129,demo|full|learner,3.0,1
79,demo|full|learner,4.0,2
819,demo|full|learner,3.0,1
889,demo|full|learner,1.0,1
829,demo|full|learner,4.0,1
2259,demo|full|learner,0.0,1
1459,demo|full|learner,2.0,2
2429,demo|full|learner,2.0,1
1349,demo|full|learner,4.0,2
2439,demo|full|learner,4.0,1
2569,demo|full|learner,4.0,1
1269,demo|full|learner,1.0,1
1219,demo|full|learner,2.0,1
1199,demo|full|learner,1.0,1
2479,demo|full|learner,3.0,1
2409,demo|full|learner,4.0,2
1489,demo|full|learner,3.0,2
1559,demo|full|learner,1.0,1
1049,demo|full|learner,4.0,2
1029,demo|full|learner,0.0,2
1009,demo|full|learner,0.0,1
969,demo|full|learner,0.0,2
959,demo|full|learner,4.0,2
1149,demo|full|learner,0.0,1
2829,demo|full|learner,5.0,2
2389,demo|partial|learner,4.0,2
2279,demo|partial|learner,3.0,2
2379,demo|partial|learner,4.0,2
2589,demo|partial|learner,2.0,2
2419,demo|partial|learner,0.0,1
2769,demo|partial|learner,3.0,2
2309,demo|partial|learner,5.0,2
2509,demo|partial|learner,2.0,1
2519,demo|partial|learner,3.0,2
2539,demo|partial|learner,4.0,2
2369,demo|partial|learner,4.0,1
2779,demo|partial|learner,5.0,2
2459,demo|partial|learner,0.0,1
9,demo|partial|learner,1.0,1
2229,demo|partial|learner,3.0,2
899,demo|partial|learner,2.0,2
859,demo|partial|learner,4.0,2
839,demo|partial|learner,4.0,1
769,demo|partial|learner,5.0,2
739,demo|partial|learner,3.0,2
729,demo|partial|learner,0.0,1
689,demo|partial|learner,2.0,1
669,demo|partial|learner,5.0,2
659,demo|partial|learner,4.0,2
609,demo|partial|learner,3.0,2
599,demo|partial|learner,2.0,1
509,demo|partial|learner,5.0,2
499,demo|partial|learner,3.0,2
489,demo|partial|learner,0.0,2
479,demo|partial|learner,1.0,1
449,demo|partial|learner,4.0,1
439,demo|partial|learner,1.0,1
399,demo|partial|learner,5.0,2
339,demo|partial|learner,3.0,2
309,demo|partial|learner,4.0,2
289,demo|partial|learner,2.0,1
239,demo|partial|learner,4.0,1
69,demo|partial|learner,1.0,1
49,demo|partial|learner,5.0,2
39,demo|partial|learner,4.0,2
939,demo|partial|learner,2.0,1
2239,demo|partial|learner,4.0,2
949,demo|partial|learner,5.0,2
1019,demo|partial|learner,5.0,2
2129,demo|partial|learner,3.0,1
1849,demo|partial|learner,1.0,1
1819,demo|partial|learner,3.0,1
1779,demo|partial|learner,2.0,1
1719,demo|partial|learner,1.0,1
1699,demo|partial|learner,0.0,1
1659,demo|partial|learner,0.0,1
1629,demo|partial|learner,2.0,1
1609,demo|partial|learner,1.0,1
1579,demo|partial|learner,0.0,1
1569,demo|partial|learner,2.0,2
1529,demo|partial|learner,1.0,1
1439,demo|partial|learner,2.0,1
1399,demo|partial|learner,2.0,2
1359,demo|partial|learner,5.0,2
1339,demo|partial|learner,0.0,1
1299,demo|partial|learner,3.0,1
1289,demo|partial|learner,4.0,2
1239,demo|partial|learner,0.0,1
1189,demo|partial|learner,2.0,2
1139,demo|partial|learner,4.0,2
1119,demo|partial|learner,2.0,1
1079,demo|partial|learner,2.0,1
1069,demo|partial|learner,3.0,2
1059,demo|partial|learner,3.0,2
999,demo|partial|learner,3.0,1
1419,demo|partial|learner,5.0,2
