,task_uuid,visibility,boolean_complexity,n_optimal_demonstrations
0,W0181290bcf,full,1,9
1,W100bae025b,full,1,10
2,W1f364af81d,full,1,9
3,W2296cf3011,full,1,10
4,W23f31f47f2,full,1,10
5,W26ff7394d3,full,1,6
6,W285df66f0e,full,1,10
7,W28e7107468,full,1,9
8,W2b0de21087,full,1,8
9,W367e79f4a6,full,1,10
10,W36f77ccadb,full,1,9
11,W3f0d3ae9f4,full,1,0
12,W470af8290e,full,1,1
13,W4872961a3c,full,1,10
14,W4f1ba438df,full,1,0
15,W61e22123ed,full,1,10
16,W628d2ff4ae,full,1,8
17,W6760e916e2,full,1,9
18,W69611dd29b,full,1,10
19,W6985983be0,full,1,10
20,W6c66d7a816,full,1,5
21,W6d23565760,full,1,1
22,W6e9f23ee36,full,1,6
23,W79ef36e6f4,full,1,10
24,W7aba617231,full,1,3
25,W8bb532982f,full,1,9
26,W8c60f7b64e,full,1,9
27,W8d4c89db00,full,1,6
28,W926f966f01,full,1,10
29,Wb9c2c4bafb,full,1,7
30,Wc608492bec,full,1,10
31,Wc9008cdd0a,full,1,6
32,Wd845299c99,full,1,5
33,We17c5ef1a0,full,1,6
34,We2a6d20809,full,1,2
35,Wea26b80b5e,full,1,10
36,Weeaff28e11,full,1,10
37,Wf267f9c333,full,1,10
38,Wfb7461d6f8,full,1,2
39,W00075b4dff,full,2,8
40,W028af4f79b,full,2,6
41,W0e36fdb5f4,full,2,10
42,W160c6aaa29,full,2,9
43,W1726e8df7f,full,2,1
44,W1978c0ff99,full,2,9
45,W2eac1fcedd,full,2,9
46,W3af0b4cf49,full,2,10
47,W3d00b70a83,full,2,10
48,W42e880b14a,full,2,8
49,W47a15cb460,full,2,5
50,W5694e6b7a5,full,2,6
51,W5e06ed8b19,full,2,8
52,W60a4c7c2bf,full,2,7
53,W6622405702,full,2,9
54,W696747c74c,full,2,0
55,W74bb907cbf,full,2,10
56,W7f48420864,full,2,7
57,W88123fa14a,full,2,10
58,W91943bfad9,full,2,9
59,W93e39c0dff,full,2,10
60,W96e45d4b98,full,2,1
61,W9c9dd82a71,full,2,9
62,Waf02ac62bc,full,2,1
63,Wb9634ad21f,full,2,8
64,Wc854d91c6c,full,2,10
65,Wcdc8161647,full,2,3
66,Wcffba6f7e8,full,2,7
67,Wdc9c5dd41d,full,2,9
68,We285cc542e,full,2,7
69,We8c4a408e2,full,2,10
70,Weed942b4d5,full,2,0
71,Wf047816032,full,2,2
72,W07cc2a2631,partial,1,6
73,W1145f18cfd,partial,1,10
74,W16de0b166e,partial,1,10
75,W2dd402fd08,partial,1,7
76,W3529de1558,partial,1,10
77,W3a546ef07b,partial,1,7
78,W3f1576769b,partial,1,4
79,W44a787c265,partial,1,8
80,W5a3d505fa4,partial,1,6
81,W6e75f34122,partial,1,10
82,W7785d904dd,partial,1,10
83,W78699110e3,partial,1,7
84,W8dc43f38f5,partial,1,6
85,W90e7bac7a5,partial,1,8
86,W913d701fff,partial,1,9
87,W9327a18792,partial,1,8
88,Wa05601dd53,partial,1,8
89,Wa07a0d4435,partial,1,10
90,Wa8ad2cdb2e,partial,1,10
91,Wac798911b5,partial,1,9
92,Wb68b688f50,partial,1,2
93,Wc858978920,partial,1,10
94,Wc939542419,partial,1,8
95,Wcb6078c63e,partial,1,10
96,Wcd6a087f67,partial,1,10
97,Wcf49e4b99b,partial,1,10
98,Wd865617af0,partial,1,10
99,Wdd4e20a33a,partial,1,10
100,Wde192007cd,partial,1,10
101,We4a2d51342,partial,1,10
102,We6278e5104,partial,1,10
103,Wed68fa4766,partial,1,10
104,Wf14eea8d6c,partial,1,10
105,Wfecb48fcef,partial,1,3
106,W081f3e4c7b,partial,2,6
107,W0969adec0a,partial,2,10
108,W0a04ae3302,partial,2,10
109,W0fb324060f,partial,2,10
110,W1e6c99ceb2,partial,2,10
111,W1e903ca6ef,partial,2,5
112,W2444b3c2cc,partial,2,10
113,W3516bab501,partial,2,9
114,W366d6bf862,partial,2,6
115,W40cadcac55,partial,2,10
116,W4b0f05ff1c,partial,2,10
117,W4c2ac66512,partial,2,4
118,W59c89dd569,partial,2,7
119,W67edc751b9,partial,2,10
120,W72b3401f95,partial,2,9
121,W72b5ecf170,partial,2,1
122,W73952c4e45,partial,2,0
123,W785f35183b,partial,2,9
124,W788d966083,partial,2,10
125,W7984652e77,partial,2,8
126,W811a4426b6,partial,2,7
127,W82c3412ebd,partial,2,10
128,W8b2ff28369,partial,2,10
129,W925a1fce18,partial,2,9
130,W952fe93d76,partial,2,1
131,W9de8858450,partial,2,6
132,Wa4f72c347b,partial,2,9
133,Wa6a53fb95b,partial,2,10
134,Wb24fe239b7,partial,2,9
135,Wb9a876681e,partial,2,6
136,Wcbfa391a46,partial,2,9
137,Wd3f7330852,partial,2,10
138,Wda1c88b4e7,partial,2,8
139,Wdc27d02f24,partial,2,6
140,We4c00e4460,partial,2,9
141,Wf4c8fd5831,partial,2,0
142,Wfd3b3a2109,partial,2,6
